{
  "no_attention_CCA": 0.12166666666666667,
  "with_attention_CCA": 0.8683333333333333,
  "delta": 0.7466666666666666
}