{
  "no_attention_CCA": 0.12833333333333333,
  "with_attention_CCA": 0.79,
  "delta": 0.6616666666666667
}