{
  "train_loss": [
    0.47919372771237345,
    0.22774234575194283,
    0.125406334931786,
    0.09006206731538514,
    0.07076848358721347,
    0.06329027210941186,
    0.058165848355840995,
    0.05032525896220594,
    0.04309701476548169,
    0.03972707316279411,
    0.03678896036502477,
    0.03413240792783531,
    0.032962030353578364,
    0.03067184964547286,
    0.02959368292342972,
    0.027730310285413586,
    0.026244476487910427,
    0.025547603346608782,
    0.02430825594913315,
    0.023726077196565835,
    0.02276929306822854,
    0.02186070931320255,
    0.021433560681101436,
    0.021189010123143327,
    0.020610137817424698,
    0.01978427423415957,
    0.019772629228395386,
    0.0193893635595167,
    0.019054000542776006,
    0.018798917682992446,
    0.01852245130450339,
    0.018370094331535133,
    0.018217614272961747,
    0.018093026268321113,
    0.018024652944626036,
    0.017944447293474868,
    0.01790809278955331,
    0.017835214079634565,
    0.017825926125452324,
    0.017832426001896728
  ],
  "train_rec": [
    0.3437002567020622,
    0.17018217230970795,
    0.11539763554527953,
    0.08181427499732456,
    0.06277538705113772,
    0.054800390291052894,
    0.04980773609634992,
    0.04260321988447292,
    0.03578479507484952,
    0.03238061312082652,
    0.03019617940928485,
    0.027924680125874443,
    0.02671351807342993,
    0.025095663410989014,
    0.024214402545948286,
    0.02249234924848015,
    0.021219288678588095,
    0.02064460118276042,
    0.01948446800579896,
    0.01902049855404609,
    0.018008297007228877,
    0.017172823634904785,
    0.01683082152158022,
    0.01660153634745527,
    0.015998232631465874,
    0.01520834576237846,
    0.015275419941423712,
    0.014828639809747,
    0.014499093556927668,
    0.014285372167422965,
    0.014042499198301419,
    0.01390153230042071,
    0.013723093412212423,
    0.013613858310556089,
    0.013544399870207181,
    0.01348578157155095,
    0.013437645182617614,
    0.013358843663858401,
    0.013364888501127024,
    0.013368639943970216
  ],
  "train_kl": [
    2.7098694343019174,
    0.575601726770401,
    0.10008699980539244,
    0.08247792237513774,
    0.07993096677032677,
    0.08489881778085553,
    0.08358112239354365,
    0.07722039279100057,
    0.07312219600017006,
    0.07346459800327146,
    0.06592781026218389,
    0.062077278623709806,
    0.06248512370763598,
    0.05576186214347143,
    0.05379280327139674,
    0.052379607751562786,
    0.050251874871350626,
    0.04903001982618023,
    0.0482378774196715,
    0.04705578410947645,
    0.04760996050931312,
    0.04687885396383904,
    0.04602738731616252,
    0.04587473498808371,
    0.04611904989625957,
    0.04575928371097591,
    0.044972090503653965,
    0.04560723548402657,
    0.04554906890198991,
    0.04513545374612551,
    0.04479951985381745,
    0.044685616887904504,
    0.04494520810407561,
    0.04479167852047328,
    0.04480252988837861,
    0.044586655960695165,
    0.04470447581764814,
    0.044763702496483516,
    0.044610374682658424,
    0.04463786037789809
  ],
  "val_loss": [
    0.219248969356219,
    0.16594921688238778,
    0.10681212226549784,
    0.0762849485874176,
    0.06648624897003173,
    0.0609167664249738,
    0.05245118642846743,
    0.04712488224109014,
    0.04064477577805519,
    0.04023965716362,
    0.033598483155171076,
    0.03284667268395424,
    0.03212734232346217,
    0.030554386178652446,
    0.027689530253410338,
    0.02681360314289729,
    0.02643820397555828,
    0.024914465447266897,
    0.02461261530717214,
    0.02323562517762184,
    0.02225094569226106,
    0.021621522506078083,
    0.021295644690593085,
    0.02101272836327553,
    0.020114693318804104,
    0.019642752036452292,
    0.019552611162265143,
    0.019016541118423144,
    0.01877956638733546,
    0.01845393309990565,
    0.01847832928101222,
    0.018214830805857975,
    0.018128836105267207,
    0.018121489534775416,
    0.017735600024461746,
    0.017761523971954983,
    0.017734021469950675,
    0.01774306575457255,
    0.017727464015285174,
    0.01782225211461385
  ],
  "val_rec": [
    0.18103954513867695,
    0.1535891709725062,
    0.09668236017227173,
    0.06943573077519735,
    0.05879052480061849,
    0.053492332249879836,
    0.0453467254837354,
    0.03894710818926493,
    0.03401597554485003,
    0.032537569950024284,
    0.027640986268719036,
    0.02665919398268064,
    0.026800732264916104,
    0.02507770317296187,
    0.022314897527297338,
    0.022008884300788244,
    0.021419633850455283,
    0.019976465304692586,
    0.01979669193426768,
    0.01853223778307438,
    0.017444394355018933,
    0.01688024083773295,
    0.016681043455998103,
    0.016403523335854212,
    0.01556301660835743,
    0.01509327583014965,
    0.01510283132394155,
    0.014429451736311117,
    0.01415091255058845,
    0.014015721480051676,
    0.013961501643061638,
    0.013712617767353852,
    0.013624778476854166,
    0.013645955473184585,
    0.013302044508357843,
    0.013353472501039505,
    0.013246007760365804,
    0.013279028559724489,
    0.013282927473386129,
    0.01336221215625604
  ],
  "val_kl": [
    0.7641883913675944,
    0.12360045462846755,
    0.1012976120909055,
    0.06849219391743343,
    0.07695725113153458,
    0.0742443444331487,
    0.07104461054007212,
    0.08177773247162501,
    0.06628799974918366,
    0.07702087432146072,
    0.05957496906320254,
    0.06187478383382161,
    0.053266104211409884,
    0.054766820718844735,
    0.05374632621804873,
    0.048047185788551966,
    0.05018569941322009,
    0.049380001177390415,
    0.048159236113230385,
    0.047033872852722806,
    0.048065510739882786,
    0.04741281539201737,
    0.046146008918682736,
    0.04609205002586047,
    0.045516767501831056,
    0.04549475982785225,
    0.04449779694279035,
    0.04587089498837789,
    0.046286534915367765,
    0.04438211843371391,
    0.04516827985644341,
    0.045022128572066625,
    0.04504057988524437,
    0.04475533892711003,
    0.04433555712302526,
    0.04408051421244939,
    0.044880133618911106,
    0.04464037065704664,
    0.04444536233941714,
    0.044600399285554884
  ],
  "lr": [
    0.001996917333733128,
    0.0019876883405951376,
    0.0019723699203976763,
    0.0019510565162951534,
    0.0019238795325112858,
    0.0018910065241883672,
    0.0018526401643540918,
    0.0018090169943749477,
    0.0017604059656000318,
    0.0017071067811865485,
    0.0016494480483301842,
    0.001587785252292474,
    0.0015224985647159493,
    0.001453990499739548,
    0.0013826834323650908,
    0.0013090169943749481,
    0.0012334453638559067,
    0.001156434465040232,
    0.0010784590957278462,
    0.001000000000000001,
    0.0009215409042721563,
    0.0008435655349597697,
    0.0007665546361440954,
    0.0006909830056250533,
    0.0006173165676349109,
    0.0005460095002604538,
    0.0004775014352840516,
    0.0004122147477075271,
    0.00035055195166981646,
    0.00029289321881345267,
    0.0002395940343999692,
    0.0001909830056250527,
    0.00014735983564590784,
    0.00010899347581163222,
    7.612046748871324e-05,
    4.894348370484645e-05,
    2.763007960232342e-05,
    1.2311659404862327e-05,
    3.0826662668720348e-06,
    0.0
  ],
  "beta": [
    0.05,
    0.1,
    0.1,
    0.1,
    0.1,
    0.1,
    0.1,
    0.1,
    0.1,
    0.1,
    0.1,
    0.1,
    0.1,
    0.1,
    0.1,
    0.1,
    0.1,
    0.1,
    0.1,
    0.1,
    0.1,
    0.1,
    0.1,
    0.1,
    0.1,
    0.1,
    0.1,
    0.1,
    0.1,
    0.1,
    0.1,
    0.1,
    0.1,
    0.1,
    0.1,
    0.1,
    0.1,
    0.1,
    0.1,
    0.1
  ],