{
  "train_loss": [
    0.486581312240781,
    0.21731294933203105,
    0.13653698986446536,
    0.10772058609369639,
    0.07988194356093535,
    0.06710479670279734,
    0.062145674953589566,
    0.05696027524567939,
    0.05440751926319019,
    0.049315271546711795,
    0.04259257491778683,
    0.03811156910818976,
    0.03644728600173383,
    0.03473256145780151,
    0.03286803518799511,
    0.03044737014617469,
    0.02897238071907211,
    0.027893777836013486,
    0.02614188481222939,
    0.024597265380057128,
    0.023912839692186664,
    0.023149896463429607,
    0.022421950373697926,
    0.021476401267824945,
    0.02098516863141511,
    0.020187814644462353,
    0.019866241444204305,
    0.019415784274806846,
    0.019047698408767983,
    0.018686260877026094,
    0.018425471627631702,
    0.018202211959539232,
    0.018037386842676112,
    0.017887330588859482,
    0.017799637003524882,
    0.01775590788472343,
    0.01766178324013143,
    0.017657191618471534,
    0.017581617761705373,
    0.017571681657352962
  ],
  "train_rec": [
    0.35078894004628464,
    0.16642340131708094,
    0.12276761918454557,
    0.09673571123464687,
    0.072181121924439,
    0.05819893567948728,
    0.05419571707780297,
    0.04929895598340679,
    0.04567378125077969,
    0.04127345516069515,
    0.03594461093480523,
    0.031786408174682305,
    0.030029379536171217,
    0.02891889833719344,
    0.02719240147318389,
    0.025120370794792433,
    0.023773360745729628,
    0.022969440028474137,
    0.02137099624284216,
    0.02005765400826931,
    0.01960362499026028,
    0.018867035371226235,
    0.018298621767678776,
    0.017387811799307127,
    0.01700845652738133,
    0.016277926294384775,
    0.016015156096703297,
    0.015635411129207223,
    0.015295917998898673,
    0.014930399512318341,
    0.014682411870642289,
    0.014468718345302183,
    0.014298447156073275,
    0.014158107415848487,
    0.014088329355660323,
    0.014025534503161907,
    0.013953517996580215,
    0.013934168838770003,
    0.013855263213249477,
    0.013841283381790729
  ],
  "train_kl": [
    2.715847399589178,
    0.5088954652483398,
    0.13769370780603304,
    0.109848752617836,
    0.07700821092805347,
    0.08905861043446772,
    0.07949957432779106,
    0.07661318859538517,
    0.08733738002342147,
    0.08041815912804089,
    0.06647963982981604,
    0.06325160873097342,
    0.0641790626419557,
    0.058136634730003973,
    0.056756336644694615,
    0.053269993312455514,
    0.051990197518387356,
    0.049243376464457124,
    0.04770888237131608,
    0.0453961133151441,
    0.04309214571037808,
    0.042828611324767805,
    0.04123328595950797,
    0.04088589488654523,
    0.03976711922803441,
    0.039098881688472385,
    0.03851085347501007,
    0.03780373397308427,
    0.03751780424971838,
    0.03755861420083691,
    0.037430598022969996,
    0.03733493699818044,
    0.03738939651363605,
    0.03729223258591987,
    0.03711307733445554,
    0.03730373497347574,
    0.03708265399610674,
    0.03723022784735706,
    0.037263544528065504,
    0.03730398255425531
  ],
  "val_loss": [
    0.2086300528049469,
    0.18055485149224598,
    0.11657092909018199,
    0.08921601861715317,
    0.07014471292495728,
    0.06180329183737437,
    0.05728073298931122,
    0.05618522743384043,
    0.051213563134272895,
    0.04547958413759867,
    0.03893000851074854,
    0.037554089576005936,
    0.036389498114585875,
    0.03377413560946783,
    0.03165417661269506,
    0.029788228645920754,
    0.028972842792669932,
    0.026444524352749188,
    0.024912509645024936,
    0.023729249710838,
    0.023663554017742474,
    0.02221160873770714,
    0.02184200130403042,
    0.021669629017512005,
    0.02023710273206234,
    0.01967491678893566,
    0.01930641586581866,
    0.019179604351520538,
    0.018778232807914415,
    0.018313315734267234,
    0.01825364701449871,
    0.018068771784504254,
    0.017876426850756008,
    0.017755643352866172,
    0.01748213090002537,
    0.017389010911186536,
    0.017542953739563626,
    0.017435905188322068,
    0.017489052663246792,
    0.017544674674669903
  ],
  "val_rec": [
    0.1980394999186198,
    0.13050646483898162,
    0.1090653082728386,
    0.08227858583132426,
    0.06212352633476257,
    0.05329578667879105,
    0.04857546697060267,
    0.04717924306790034,
    0.0450029481947422,
    0.03848586430152257,
    0.032552619824806846,
    0.029666575466593105,
    0.03074715882539749,
    0.028735643525918324,
    0.025658900837103527,
    0.024052190060416857,
    0.0242485519250234,
    0.02161479264497757,
    0.02040617341796557,
    0.019332947060465813,
    0.019432804038127263,
    0.017956569070617358,
    0.01776390090584755,
    0.017582768549521764,
    0.016299195736646652,
    0.015830151662230493,
    0.015562458684047063,
    0.015414600521326064,
    0.014982082744439443,
    0.01459312795350949,
    0.014465257947643598,
    0.014319410460690657,
    0.014151851472755272,
    0.014010693629582722,
    0.013790986960132917,
    0.013726001754403114,
    0.013824319044748942,
    0.01371785213549932,
    0.013775568877657254,
    0.013814399043718974
  ],
  "val_kl": [
    0.2118110501766205,
    0.5004838577906291,
    0.07505619873603185,
    0.06937432775894802,
    0.08021185408035914,
    0.0850750508904457,
    0.08705265760421753,
    0.09005983988444011,
    0.06210615207751592,
    0.06993720044692357,
    0.0637738823890686,
    0.07887513796488443,
    0.05642339507738749,
    0.05038492371638616,
    0.05995275512337685,
    0.057360383172829946,
    0.04724290862679482,
    0.048297313352425895,
    0.04506335695584615,
    0.04396302411953608,
    0.042307500342528025,
    0.042550392150878906,
    0.0407810045282046,
    0.040868602593739825,
    0.03937907208998998,
    0.0384476538002491,
    0.03743956968188286,
    0.03765004227558772,
    0.03796150008837382,
    0.03720187539855639,
    0.03788388778765996,
    0.037493614306052525,
    0.03724575390418371,
    0.03744950135548909,
    0.03691143820683161,
    0.036630086650451026,
    0.03718634232878685,
    0.03718053196867307,
    0.037134837458531064,
    0.03730275526642799
  ],
  "lr": [
    0.001996917333733128,
    0.0019876883405951376,
    0.0019723699203976763,
    0.0019510565162951534,
    0.0019238795325112858,
    0.0018910065241883672,
    0.0018526401643540918,
    0.0018090169943749477,
    0.0017604059656000318,
    0.0017071067811865485,
    0.0016494480483301842,
    0.001587785252292474,
    0.0015224985647159493,
    0.001453990499739548,
    0.0013826834323650908,
    0.0013090169943749481,
    0.0012334453638559067,
    0.001156434465040232,
    0.0010784590957278462,
    0.001000000000000001,
    0.0009215409042721563,
    0.0008435655349597697,
    0.0007665546361440954,
    0.0006909830056250533,
    0.0006173165676349109,
    0.0005460095002604538,
    0.0004775014352840516,
    0.0004122147477075271,
    0.00035055195166981646,
    0.00029289321881345267,
    0.0002395940343999692,
    0.0001909830056250527,
    0.00014735983564590784,
    0.00010899347581163222,
    7.612046748871324e-05,
    4.894348370484645e-05,
    2.763007960232342e-05,
    1.2311659404862327e-05,
    3.0826662668720348e-06,
    0.0
  ],
  "beta": [
    0.05,
    0.1,
    0.1,
    0.1,
    0.1,
    0.1,
    0.1,
    0.1,
    0.1,
    0.1,
    0.1,
    0.1,
    0.1,
    0.1,
    0.1,
    0.1,
    0.1,
    0.1,
    0.1,
    0.1,
    0.1,
    0.1,
    0.1,
    0.1,
    0.1,
    0.1,
    0.1,
    0.1,
    0.1,
    0.1,
    0.1,
    0.1,
    0.1,
    0.1,
    0.1,
    0.1,
    0.1,
    0.1,
    0.1,
    0.1
  ],