{
  "test_loss": 0.01829633042216301,
  "recon_mse": 0.013824111421902974,
  "kl": 0.04472218359510104,
  "conditional_color_accuracy": 0.9833333333333333
}