{
  "test_loss": 0.01806338056921959,
  "recon_mse": 0.014340425605575243,
  "kl": 0.03722954869270325,
  "conditional_color_accuracy": 0.9783333333333334
}